ID,Community,Id,Request,EN1,EN2,EN3,EN4,EN5,EN6,EN7,CH1,CH2,CH3,CH4/h,CH5/h,CH6/h,CH7/h,CH8/h,CH9/h,CH10/h,CH11/h,KO1,KO2,KO3,KO4,KO5,KO6,KO7,KO8/h,KO9/h,KO10/h,Sue,Score1,Score2,Score3,Score4,Score5,NormalizedScore,politenessMEAN,politenessSD,MsgLength
1,Wikipedia,2320,Hmm...the picture was taken on my camera by someone else. To whom does the copyright belong?,21,12,13,13,15,15,14,14,20,13,,6,22,23,13,,7,,25,13,9,15,13,11,12,,13,13,1,18,13,21,17,13,0.463156043183043,16.40,3.44,92.00
2,Wikipedia,4026,"My question is ""Why?"" I am doing all the citations correctly and this still appears often. Can anyone tell me what I'm doing wrong?",19,10,11,12,16,5,13,2,16,10,,9,16,18,5,,1,,21,10,17,10,13,8,13,,18,13,1,13,9,21,21,19,0.635085440773979,16.60,5.37,131.00
3,Wikipedia,4767,I noticed you removed Pero Defformero from the list of folk metal bands and artists. What is the problem with this band?,8,9,12,12,8,14,13,13,18,9,,3,19,16,21,,1,,14,13,14,17,19,14,11,,13,11,1,14,10,8,21,7,-0.426832021044253,12.00,5.70,120.00
4,Wikipedia,5692,I don't see a connection between the 'url' and the 'url' articles that would warrant See Also links between the two.  Could you explain that to me?,12,11,13,15,16,13,12,10,18,19,,16,13,16,12,,7,,20,14,19,20,13,10,14,,16,12,1,11,16,13,9,13,-0.311648772516718,12.40,2.61,147.00
5,Wikipedia,7122,url'.. it doesn't really explain what the issue was. Can you word it better?,9,9,11,13,8,11,12,8,16,9,,8,14,18,8,,8,,12,7,14,16,13,5,10,,12,7,1,11,9,13,8,12,-0.742414326095755,10.60,2.07,77.00
6,Wikipedia,17795,"Hello, Jeff79. Would you weigh in on the above linked discussion regarding an edit you made?",18,11,13,13,15,16,13,16,20,14,,11,14,,17,,16,,18,13,15,16,14,,14,,16,17,1,17,17,17,17,17,0.719957087724476,17.00,0.00,92.00
7,Wikipedia,19520,Thanks for change to Hugh de Grandmesnil - I am (It is) very short of refs for that article. Could you suggest one for your addition?,19,,11,14,13,13,12,16,19,20,,18,25,16,25,,18,,,20,21,22,18,17,12,,18,17,1,19,21,21,17,17,1.189654651867420,19.00,2.00,133.00
8,Wikipedia,20833,"Darkstar, I am completely baffled by this, I don't know where you are coming from or what your complaint is, and you are one of the writers that I most often agree with. Can you explain?",10,6,10,11,7,4,12,6,20,10,,12,25,18,14,,1,,23,11,16,18,13,,12,,17,7,1,9,14,15,13,9,-0.344647768028842,12.00,2.83,186.00
9,Wikipedia,21812,These clickable images are great! Can you make one for the 10^-6 to 10^5 range too?,22,16,15,14,15,16,14,13,23,10,,15,13,19,12,,17,,25,16,18,18,15,21,14,,20,17,1,17,17,21,21,17,1.045831823555110,18.60,2.19,83.00
10,Wikipedia,21885,Interesting illustration on the PrIze law page of a Zeppelin taking a Norwegian vessel as a prize in 1917.  I wonder whether you could point me to a source for more information on this incident?,20,16,13,13,18,17,13,16,21,19,,7,21,15,16,,10,,23,20,14,18,15,,12,,16,10,1,17,17,16,17,17,0.800638509679627,16.80,0.45,194.00
11,Wikipedia,25456,My concern is that you are proceeding at such a rate of knots that it going to be difficult to later unpick and I can see some disagreement on this.  Why not seek a consensus?,12,7,13,12,12,10,11,12,18,7,,6,18,19,16,,2,,19,5,15,10,17,,12,,12,8,1,19,16,15,9,9,-0.229904269545671,13.60,4.45,175.00
12,Wikipedia,28354,url' is fooling around with the Rubinstein and Horowitz articles again.  Is there a way to get him banned?,12,2,12,8,10,8,12,10,20,13,,16,20,16,15,,1,,19,13,16,16,12,11,10,,13,10,1,13,9,15,15,13,-0.172213296347610,13.00,2.45,107.00
13,Wikipedia,36851,"I'm curious, are you stopping at characters? Or will you eventually move onto season pages and the main page itself?",18,9,13,13,13,16,11,13,16,11,,9,24,24,6,,9,,11,13,7,13,15,7,10,,12,9,1,17,17,15,5,13,-0.174963419611183,13.40,4.98,116.00
14,Wikipedia,39167,"Like most users with their articles screwed over by 'url''s new web facelift, I'm at a lost with 'url' being dead. Can you help?",18,11,13,10,16,10,13,15,18,13,,4,15,14,9,,25,,22,14,14,17,15,,12,,16,10,1,17,17,5,13,21,-0.065407123021430,14.60,6.07,128.00
15,Wikipedia,39531,Unfortunately the 4chan page you linked to in 'url' does not exist now. Can you give a pointer to what is involved?,19,12,14,13,14,15,12,13,19,12,,3,17,19,17,,4,,22,14,23,22,14,14,14,,17,14,1,13,20,15,17,13,0.412982381705329,15.60,2.97,115.00
16,Wikipedia,39729,"Could you do me a huge favour, but only if you want to, because I know it's a lot to ask. Could you do the Peer Review for ''Loud'' by any chance?",25,14,14,16,14,18,13,22,23,17,18,,17,10,,,25,,15,25,19,25,19,22,11,,18,,1,21,21,25,20,21,1.838649444975910,21.60,1.95,146.00
17,Wikipedia,40728,"Hi, I was wondering why it is that 'url' only has two articles in it -- and whether it should be kept. Has it ever been more fully populated?",20,11,14,14,18,14,13,13,23,13,15,,24,17,,,11,,19,13,9,17,16,13,10,,18,,1,15,13,15,21,17,0.346864332483563,16.20,3.03,141.00
18,Wikipedia,43454,Good find. Do you have a cite for the second para?,23,14,13,15,17,23,15,15,18,14,17,,18,10,,,14,,20,17,18,16,14,17,10,,15,,1,13,17,17,17,21,0.679906753990585,17.00,2.83,50.00
19,Wikipedia,45710,"Your 'url' give your first edit as on April 9, 2011. Do you have any other account you have not disclosed yet?",,7,12,12,16,12,14,17,16,13,20,,22,10,,,15,,2,10,17,13,13,13,11,,16,,1,12,17,10,1,5,-0.658241268352047,9.00,6.20,110.00
20,Wikipedia,50455,I noticed that you have a little note at the top saying your status. How do you do that?,13,15,13,12,13,13,14,13,19,10,15,,19,18,,,4,,16,15,12,13,17,11,11,,14,,1,12,17,21,17,17,0.598831703212736,16.80,3.19,88.00
21,Wikipedia,50905,I asked some questions in the Criteria for Inclusion section on 20th Dec but no-one has yet responded. Can you take a look?,14,14,12,13,15,11,12,15,20,13,20,,17,19,,,8,,20,13,14,15,17,15,12,,20,,1,16,18,23,21,19,0.965132563739538,19.40,2.70,123.00
22,Wikipedia,51534,I reverted 'url' as it complicated my normal routine archiving of all the discussions on my talk page.  Could you please refrain from this kind of edit in future?,9,5,10,12,7,14,13,13,19,17,21,,20,13,,,10,,2,13,14,21,15,15,7,,20,,1,17,17,9,13,5,-0.301998663511372,12.20,5.22,162.00
23,Wikipedia,52673,I am trying to figure out the exact definition of 'url' however do not have access to Andrews.  Could you help?,20,12,12,13,11,10,15,14,24,18,17,,18,12,,,9,,17,13,16,21,15,15,11,,20,,1,17,21,17,16,19,0.911434971144944,18.00,2.00,111.00
24,Wikipedia,60607,"The article is not about this, at all. Could you explain your logic?",3,6,14,10,10,8,12,13,15,18,19,,20,14,,,1,,1,1,11,8,14,10,9,,19,,1,9,13,9,12,5,-1.073125744681560,9.60,3.13,68.00
25,Wikipedia,66092,"Per 'url', there was an autoblock affecting your editing that has now been lifted.  Can you edit freely now?",25,12,12,14,14,13,15,13,17,13,17,,21,21,,,13,,,14,16,18,19,16,13,,16,,1,17,13,13,18,21,0.410750308285620,16.40,3.44,108.00
26,Wikipedia,69712,"You mean ""the higher solubility in the ocean""? Solubility of what?",16,8,13,8,8,6,12,12,14,8,,,20,15,,,8,,2,1,5,4,14,7,9,,8,,1,12,9,9,9,10,-0.681952627458841,9.80,1.30,66.00
27,Wikipedia,70280,it is up on their website. Do you know how to put it on the south wales scorpions infobox thing on the wikipedia page?,16,11,13,13,16,10,14,13,15,14,13,,19,13,,,14,,13,13,17,12,17,,9,,15,,1,13,13,17,13,13,-0.134537654142870,13.80,1.79,118.00
28,Wikipedia,75904,I'm interested in why you reduced the columns from 5 to 2? Could you reply on my talk page please?,8,7,13,14,9,14,12,14,17,17,22,,21,16,,,10,,8,4,12,21,14,14,11,,21,,1,21,21,17,15,20,1.403242865104300,18.80,2.68,98.00
29,Wikipedia,79211,Is as usual being overrun with pointless blather. Would you like to set up a subpage to discuss sources?,2,,12,9,13,9,12,13,13,16,17,,22,13,,,10,,15,3,17,21,14,,12,,19,,1,21,9,13,9,17,0.058063636365699,13.80,5.22,104.00
30,Wikipedia,83428,"Sorry, but i do not find ""double torpedo tunnels"" to be very good. Can you come up with something better?",7,6,12,10,6,11,13,13,18,10,14,,14,9,,,11,,7,4,13,16,12,9,12,,19,,1,9,16,9,13,5,-0.532563118731907,10.40,4.22,105.00
31,Wikipedia,83786,"OK, I will do that. But probably we should first set the gallery up on commons - do you know anything about editing/creating there?",20,12,10,13,5,13,13,15,18,13,14,17,,20,,,,,6,13,17,19,13,11,10,,,,1,13,16,15,23,11,0.254076898623901,15.60,4.56,131.00
32,Wikipedia,83791,Why are you uploading/changing badge files here? Surely you should just upload them to Commons then list the wikipedia version for deletion?,4,4,12,10,6,10,6,11,12,10,13,18,,14,,,,,4,11,3,12,15,12,15,,,,1,9,13,9,11,20,-0.522925209691691,12.40,4.56,140.00
33,Wikipedia,85093,I have attempted to address your concern. Could you take another look at the article?,19,10,11,16,14,10,16,19,14,10,17,19,,18,,,,,21,16,15,22,14,7,13,,,,1,16,17,13,15,21,0.390169569112205,16.40,2.97,85.00
34,Wikipedia,85552,"I have no idea how to explain that succinctly, though I'll probably write a couple of articles on the whole mess soon. Any idea how to incorporate that into the article?",19,16,11,10,14,10,17,13,16,13,18,18,,15,,,,,24,14,16,18,15,,10,,,,1,17,13,17,13,13,0.286249297379008,14.60,2.19,169.00
35,Wikipedia,98588,The notion that a hunter would kill dozens of birds with a single shot seems outlandish to me.  Do you have a reference for this?,6,10,13,10,6,10,13,10,14,11,17,15,,19,,,,,4,12,16,17,16,11,11,,,,1,17,13,9,13,9,-0.636128978963384,12.20,3.35,129.00
36,Wikipedia,98833,"I'm disappointed that your first response here was to revert me without discussion, and to assert a consensus that was not apparent.  Before you choose to revert me again, can you ''please'' participate in the discussion at WT:RD?",2,2,8,4,5,15,5,1,3,11,22,11,,22,,,,,1,4,3,16,18,5,10,,,,1,5,9,8,7,15,-1.134255679451480,8.80,3.77,230.00
37,Wikipedia,99444,Hello. Can you please pass the pilot whale article?,22,12,13,10,15,12,16,16,16,13,20,21,,18,,,,,23,9,8,24,13,11,13,,,,1,17,25,21,19,17,1.273460990563800,19.80,3.35,51.00
38,Wikipedia,102052,"What you linked to looks good, but what was I supposed to compare it with again? Got a link?",16,12,12,10,10,12,14,14,15,13,22,17,,23,,,,,14,13,15,10,13,15,9,,,,1,9,13,19,16,9,-0.114050602532920,13.20,4.38,92.00
39,Wikipedia,105723,I noticed your nice improvements to 'url'. Are you thinking of merging/redirecting 'url' to that article?,20,15,15,17,14,10,16,20,22,15,18,18,,14,,,,,15,13,19,19,15,,11,,,,1,17,13,19,21,21,0.776670540575906,18.20,3.35,105.00
40,Wikipedia,109287,"You are so right, 'url' looks to be blatant advertising.  Why don't you put it up for 'url'?",19,13,10,12,18,18,13,14,18,12,14,18,,17,,,,,19,13,18,18,15,14,8,,,,1,9,17,13,13,15,0.027899153238735,13.40,2.97,92.00
41,Wikipedia,109807,"Can you please explain what the two fields you added to the table at 'url' are supposed to mean?  What ""reaction""?",18,12,11,13,9,10,5,15,18,12,21,15,,16,,,,,4,11,7,21,13,13,12,,,,1,9,9,17,17,12,-0.205932955532188,12.80,4.02,114.00
42,Wikipedia,110401,Have you received the 1972 Encyclopedia of PNG you mentioned during the discussion about 'url'? Was there a detailed entry for Dagora?,20,15,11,11,15,9,,19,19,13,11,17,,15,,,,,21,12,10,22,14,11,11,,,,1,13,13,17,10,13,-0.177223776729413,13.20,2.49,134.00
43,Wikipedia,119849,"I've noticed that you're engaged in several edit wars, with Meliniki, regarding minor alterations to multiple Greek language articles. Perhaps you should consider discussing the changes on Meliniki's 'url' instead?",5,12,7,12,10,9,13,22,17,12,17,16,,15,,,,,7,8,9,13,14,12,11,,,,1,9,17,9,5,11,-0.927986959763787,10.20,4.38,214.00
44,Wikipedia,123039,"When creating 'url', I also had to create 'url', 'url' and 'url'. I was wondering if you could populate them?",18,11,11,12,14,18,15,16,17,16,17,15,,16,,,,,20,13,18,15,14,,11,,,,1,21,13,21,18,17,0.937898588338058,18.00,3.32,109.00
45,Wikipedia,123350,if i send email to permissions-en@wikimedia.org is the email made public? where is it made public?,21,13,12,11,13,9,10,13,17,13,15,13,,14,,,,,19,8,11,8,14,,12,,,,1,13,17,9,9,15,-0.307304823931176,12.60,3.58,98.00
46,Wikipedia,123760,A question has come up whether 'url' was Jewish (see 'url').  Do you have any references that might help?,20,18,13,13,14,16,13,19,18,12,22,,,,,,,,25,15,15,16,,11,14,,,13,1,17,13,17,13,13,0.075375738706660,14.60,2.19,105.00
47,Wikipedia,125991,I wish I could find a better one but I don't think I know where one is I think the composition needs more information. Can you do that?,22,12,13,13,13,12,12,12,20,10,17,,,,,,,,7,13,14,18,,15,9,,,11,1,17,17,17,17,18,0.605574324657609,17.20,0.45,135.00
48,Wikipedia,127846,"Listed by designation, new to me? have you a guideline or discussion reference for that?",16,,13,13,12,12,13,13,,9,17,,,,,,,,12,9,15,15,,11,9,,,10,1,9,17,13,17,15,-0.114706250654829,14.20,3.35,88.00
49,Wikipedia,134176,Take a look at the most recent post to 'url'. Can you make a stub out of it?,15,9,13,12,11,19,14,12,18,11,18,,,,,,,,13,16,10,20,14,11,12,,,9,1,13,13,16,13,13,-0.064895929932581,13.60,1.34,76.00
50,Wikipedia,136176,"Hi, I just couldn't understand 'url' ! Could you explain,please ?",21,6,14,13,20,20,13,14,15,19,21,,,,,,,,21,5,10,23,19,13,13,,,8,1,17,17,21,17,25,1.075604362840910,19.40,3.58,65.00
51,Wikipedia,139091,"Hello Roman! If you have time, could you add a 'url' infobox (with census data) for 'url'?",22,18,12,15,20,19,15,19,20,20,20,,,,,,,,25,18,19,23,17,15,13,,,12,1,25,17,21,17,21,1.406669498985080,20.20,3.35,90.00
52,Wikipedia,139788,"I pretty much agree with 'url', except I would like to know why you modified the see also section to be a hatnote. Doesn't 'url' have specific requirements for this?",12,7,13,13,11,8,10,14,11,10,14,,,,,,,,24,14,19,17,,12,11,,,10,1,12,13,8,16,9,-0.486546086170630,11.60,3.21,165.00
53,Wikipedia,141299,"I did notice that some articles linked to the ones I worked on are now missing, which leaves a link hanging.  If you're going to delete articles, shouldn't someone clean up these broken links?",7,5,13,12,8,12,9,13,8,8,21,,,,,,,,1,2,18,12,10,,11,,,4,1,9,13,12,7,9,-1.060808404896350,10.00,2.45,192.00
54,Wikipedia,143574,"Hi, just returned from a longer vacation where I was 100% offline and can look at it soon if it is not too late. What is the deadline?",25,11,13,13,8,17,13,19,19,13,19,,,,,,,,25,13,18,14,,9,8,,,12,1,13,21,13,15,9,-0.096686400583472,14.20,4.38,134.00
55,Wikipedia,144161,I though it's better like that. Can you revert it?,19,7,12,12,10,10,13,13,18,13,16,,,,,,,,21,14,13,17,23,11,11,,,11,1,17,13,13,21,13,0.061511946724410,15.40,3.58,50.00
56,Wikipedia,147665,"Due to your edits to this template, 'url' is now required on all transclusions.  Are you running a bot to clean this up?",8,5,11,13,10,15,13,11,14,11,16,,,,,,,,17,11,18,,7,9,10,,,6,1,9,13,13,5,13,-0.808596278859061,10.60,3.58,120.00
57,Wikipedia,153742,An article about a craver named 'url' needs some work. Can you clean the article up?,19,9,13,12,14,10,13,12,13,13,18,,,,,,,,21,11,19,14,12,13,10,,,4,1,17,17,13,12,13,0.101565933999458,14.40,2.41,84.00
58,Wikipedia,153809,That user 'url' moved 'url' page for no reason and I do not understand why it was moved or why a persistent vandalist like this was allowed to move it. Is there anyway at all to get it moved back and that user permanently banned?,2,2,13,11,9,16,13,16,18,10,16,,,,,,,,14,13,7,10,,11,11,,,4,1,9,9,13,13,9,-0.811539897605240,10.60,2.19,229.00
59,Wikipedia,153974,"Hi, you recently edited that the Independence Hall was once the tallest building in Philadelphia on the 'url' article.  Do you have any source that supports this?",11,9,13,13,14,11,13,13,18,13,14,,,,,,,,12,13,18,22,14,13,9,,,9,1,13,17,13,13,15,0.108064554767780,14.20,1.79,162.00
60,Wikipedia,155694,"I see you've added 'url' to the category ""Jewish-Canadians"".  What is your source for this?",12,7,11,12,9,12,13,13,15,7,19,,,,,,,,17,12,16,12,16,12,10,,,10,1,9,13,13,9,13,-0.573366100451424,11.40,2.19,91.00
61,Wikipedia,157019,You've contributed a lot to Puget Sound area articles.  Would you be willing to take a look at the debate I'm having at 'url' and do whatever you think is best?,22,12,12,19,15,10,13,22,23,16,,16,,,,18,23,17,12,8,18,21,14,12,15,12,,,1,21,25,24,21,17,1.495876317018620,21.60,3.13,160.00
62,Wikipedia,157481,"Do you have any thoughts on renaming the page to reflect that the notability (and most of the content) is about the labor dispute/takeover, etc. than the company itself?",17,18,12,16,15,12,13,15,16,13,,15,,,13,17,17,15,16,15,17,13,15,13,12,16,,,1,17,17,17,13,15,0.437138055719730,15.80,1.79,169.00
63,Wikipedia,159734,I'm currently considering nominating you for adminship at 'url'. Are you interested?,20,18,12,13,20,10,13,13,18,17,,16,,,13,17,25,11,16,16,16,15,16,13,10,14,,,1,17,17,18,21,12,0.583193238560782,17.00,3.24,84.00
64,Wikipedia,165714,"I'm trying to install Lupin/Anti-vandal tool, but im stuck. Could you help please?",20,15,11,16,15,8,13,18,18,20,,18,,,13,18,25,15,16,18,14,21,14,15,11,18,,,1,21,17,17,21,20,1.407345179578940,19.20,2.05,82.00
65,Wikipedia,168298,The main article needs a facelift. Do you want to make suggestions?,10,18,11,9,12,10,13,13,17,8,,13,,,12,17,23,16,17,14,15,17,13,10,12,16,,,1,17,20,18,15,17,0.578577052088436,17.40,1.82,67.00
66,Wikipedia,169878,Because I haven't seen it; I'm not even sure from the discussion whether it's on or off Wikipedia. Can you supply a link or a reference?,9,10,14,11,13,9,13,13,16,6,,14,,,13,16,13,16,9,15,15,11,16,11,11,17,,,1,16,13,16,13,12,0.024747683839975,14.00,1.87,136.00
67,Wikipedia,174873,I think the 'url' would be more precise and accurate as 'url'. What sayest thou?,20,12,10,15,17,10,13,14,11,5,,,,,11,13,17,10,20,9,16,4,15,13,9,7,,,1,13,17,15,13,25,0.301970040702370,16.60,4.98,80.00
68,Wikipedia,177451,"Are you saying that Scotty was being ""hot-headed""?  If so, can you please tell us what Scotty did that was ""hot-headed""?",18,12,7,8,5,8,10,14,12,10,,12,,,14,17,7,16,9,16,12,21,15,11,11,13,,,1,12,7,15,5,13,-0.885761995378590,10.40,4.22,120.00
69,Wikipedia,193182,"Why the removal of the citation dealing with coriolis?  Was the proof not within the citation, or was the citation not considered primary?",17,12,11,12,5,8,12,13,12,13,,16,,,11,7,5,9,10,16,17,13,14,,11,16,,,1,13,9,17,13,17,-0.149291238117281,13.80,3.35,138.00
70,Wikipedia,194790,You recently attached a <nowiki><person></nowiki> tag to an article about an Azeri poet. May I ask why?,19,21,13,16,15,14,12,15,14,15,,19,,,13,18,4,16,10,15,18,22,14,12,12,19,,,1,17,16,21,25,21,0.820301812689236,20.00,3.61,103.00
71,Wikipedia,196624,I would like to create a few plots. Where can I access the geologic temperature record raw data?,14,13,14,11,15,8,13,14,17,10,,14,,,16,15,25,6,16,15,13,13,14,12,13,16,,,1,17,13,13,13,13,-0.114124472569021,13.80,1.79,96.00
72,Wikipedia,196952,"While editing the COIN page regarding Ciplex, I accidently broke your sig. Since I don't want any more flame, could you please fix it?",19,10,8,12,4,10,14,14,18,16,,16,,,12,8,17,8,7,12,13,16,14,7,4,18,,,1,21,21,14,17,19,1.102925698125550,18.40,2.97,134.00
73,Wikipedia,199732,"No more saga! Help me by keeping this page the way it is right now, alright?",4,5,7,5,5,13,10,7,11,6,,9,,,15,7,1,1,3,1,10,2,15,,7,7,,,1,9,5,1,18,13,-0.926028866923165,9.20,6.65,76.00
74,Wikipedia,199817,"Who is going to contact all of the users?  Is a bot being set to do that in the event it's necessary, or is it being done manually?",19,12,13,11,6,9,13,13,16,14,,12,,,15,13,15,9,12,13,15,,14,,11,16,,,1,13,17,13,9,15,-0.146844316718187,13.40,2.97,131.00
75,Wikipedia,201885,I thought we had all agreed that the lead is fine as it is.  What is the sentence supposed to mean?,7,11,14,5,6,9,11,13,13,6,,15,,,14,13,9,5,9,15,11,9,16,13,12,10,,,1,9,16,13,17,13,-0.016309103183985,13.60,3.13,99.00
76,Wikipedia,209080,"What exactly are the rules on this page? Can stuff be added without discussion and ""consensus""?",18,5,12,11,15,7,13,9,3,8,16,11,,,4,10,1,,13,2,14,13,16,3,13,15,,,1,9,13,13,17,21,0.069320431383746,14.60,4.56,95.00
77,Wikipedia,210924,"In the 'url' article, is polar mount correct?  It might be improved by a bit more detail about how it works, perhaps?",19,13,13,14,13,8,13,20,19,12,14,7,,,10,13,10,,18,13,19,14,15,,11,9,,,1,17,17,21,21,25,1.276047205307320,20.20,3.35,117.00
78,Wikipedia,213945,Thanks for the note about my work on the above line. Would you mind if I copied and pasted your version over to mine to work on?,25,14,13,19,18,20,13,20,19,12,15,22,,,21,20,25,,15,16,21,23,17,15,16,20,,,1,21,21,21,19,21,1.951290012069590,20.60,0.89,128.00
79,Wikipedia,215346,"I was reading the article reverse overshot wheel, but I can't find anything about the ""reverse"" part. Can you expand this?",17,13,12,12,16,13,12,12,15,12,21,13,,,13,16,15,,14,17,17,20,15,12,13,19,,,1,17,17,13,15,13,0.277824942928260,15.00,2.00,122.00
80,Wikipedia,216645,"No problem, It was open and shut 'url' issue. For your next project can you find something that doesnt make your fanclub at the Wikipedia Review angry?",3,2,12,13,20,16,14,12,5,9,17,17,,,10,14,1,,2,4,17,17,16,2,12,13,,,1,9,15,10,6,5,-1.145079892346500,9.00,3.94,151.00
81,Wikipedia,221905,I don't know why claim that you reverted vandalism (rv edit summary) when to me they appeared to be good faith edits. What exactly was the vandalism?,12,6,11,10,8,10,11,12,10,11,19,6,,,11,17,1,,10,14,12,14,16,,11,17,,,1,9,9,5,11,13,-0.864569868305349,9.40,2.97,149.00
82,Wikipedia,225961,"So, now that it's clear there's no moratorium, you now think it's controverial?  Can you explain why?",15,7,13,14,6,14,10,12,14,10,19,15,,,11,13,1,,1,8,15,13,20,10,12,17,,,1,7,17,4,18,9,-0.300217804694396,11.00,6.20,101.00
83,Wikipedia,231869,These two factors make me think that Indian ice-cream is a better name for the article than sxusem.  What are your thoughts on this?,21,14,14,14,15,10,14,13,18,13,20,13,,,15,16,13,,,16,15,12,16,12,11,18,,,1,17,17,21,13,17,0.846499405930310,17.00,2.83,132.00
84,Wikipedia,234095,"On 'url' about the Chinese sex imbalance, you accused either the OP or the first responder (me) of 'url'. Could you explain why you thought either of us was advocating, opining, or recruiting, in a way that diminished the quality of the reference desk?",10,8,12,12,14,9,10,14,12,11,19,,,,9,13,1,,8,14,22,24,18,11,13,13,,,1,9,17,14,9,1,-1.047586294237750,10.00,6.08,252.00
85,Wikipedia,234547,"Hey US, I added a rationale to why the project was looking to create its own criteria.  Could you take a look at it and see if it changes your mind?",23,14,13,15,19,12,14,21,20,12,21,15,,,8,20,21,,23,6,17,15,14,11,17,9,,,1,17,14,17,17,18,0.378799345388798,16.60,1.52,148.00
86,Wikipedia,237529,"Do you mind if you tell me why do you add duplicate links to the article? More specifically, why do you add internal links to the See Also sections when those links are already in the article navbox?",5,7,14,19,14,9,12,19,13,10,23,14,,,3,17,1,,10,16,12,13,13,13,12,22,,,1,17,11,9,13,13,-0.616034628044452,12.60,2.97,199.00
87,Wikipedia,238442,"Yet you did violate 'url' and could be blocked right now. If that edit recurred, would you revert it again?",5,6,12,8,8,14,11,8,15,11,19,15,,,4,17,1,,2,3,14,13,16,,12,17,,,1,13,9,13,5,13,-0.823492271846080,10.60,3.58,107.00
88,Wikipedia,250689,"Third: it's August 31 2010. Please check my userpage for reasons why I really don't feel useful today. Ask another admin, okay?",,4,8,11,2,9,10,2,6,4,20,5,,,3,19,1,,1,2,9,9,14,7,12,6,,,1,9,9,13,1,11,-1.192100867371490,8.60,4.56,127.00
89,Wikipedia,252731,"Hey, can you block this moron from editing the IIHF Page? Or what can i do in such cases?",2,2,5,5,6,13,7,3,15,13,11,1,,,3,16,1,,5,1,6,13,16,8,13,10,,,1,5,5,2,9,9,-1.914914508343240,6.00,3.00,89.00
90,Wikipedia,253209,Thanks for that - very nicely commented code (rare to see)! It seems to need a table to be set up - do you have the schema or sql for that handy?,25,19,17,18,18,16,14,20,24,16,17,20,,,11,19,25,,25,17,16,20,15,14,19,19,,,1,17,17,25,25,17,1.146350933707240,20.20,4.38,145.00
91,Wikipedia,253511,Hi. What was wrong with the Autamata page?,10,9,13,12,8,11,13,7,9,11,,,20,,6,,,17,13,7,5,13,,8,13,8,14,10,1,11,16,15,13,15,-0.263379305037461,14.00,2.00,42.00
92,Wikipedia,260538,I have absolutely no idea what you are talking about.  Please be more precise?,4,7,10,11,8,4,10,4,11,12,,,21,,5,,,17,13,4,3,11,14,10,10,6,15,8,1,7,18,10,11,2,-0.916107464886099,9.60,5.86,78.00
93,Wikipedia,264041,I refer you to my last answer about independent sources. Do you have press coverage?,7,11,14,12,13,9,13,13,17,12,,,16,,13,,,14,14,13,15,19,,,11,18,13,14,1,7,10,17,13,13,-0.521232644939991,12.00,3.74,84.00
94,Wikipedia,264811,"I.m keen to see your recent abbey article on the main page, but there are no references. Can this be fixed?",6,10,12,13,18,14,13,12,20,13,,,20,,8,,,8,16,14,15,7,15,,11,17,9,16,1,13,9,17,21,13,0.111385022520304,14.60,4.56,107.00
95,Wikipedia,275128,"I dunno, but this one reeks of that banned user 'url' - same mark-as-minor edits, same targets. Care for a look at this?",12,4,8,11,13,15,11,15,13,11,,,17,,7,,,4,25,14,5,7,17,12,16,6,13,10,1,6,17,9,17,13,-0.248019195563977,12.40,4.88,120.00
96,Wikipedia,279097,Ok I've moved 'url' back to 'url'. Oleg you want to write something on the talk page about the move?,17,11,12,13,13,21,13,,18,9,,,16,,14,,,8,15,13,20,11,10,10,12,15,19,12,1,13,13,13,15,13,-0.174420945279420,13.40,0.89,100.00
97,Wikipedia,282732,Somebody keeps moving the Shannan Prefecture to Lhoka Prefecture. What is your view on this?,16,7,11,13,11,13,14,13,19,14,,,20,,19,,,18,18,16,17,15,11,11,12,13,12,15,1,15,13,13,21,13,0.168522096347364,15.00,3.46,92.00
98,Wikipedia,288161,I've now supplied a free image on 'url' (thanks for motivating me to do so!). Could you perhaps consider your reassessment of the article?,16,16,13,15,21,10,13,22,24,11,,,22,,22,,,17,16,23,19,22,13,12,14,14,24,22,1,13,17,17,12,17,0.496707087414624,15.20,2.49,138.00
99,Wikipedia,291911,I see you've given her a code name in 'url'. Where did you run across this tidbit?,15,7,13,13,13,16,14,,16,10,,,19,,,,,13,16,12,17,10,10,10,13,15,16,13,1,9,13,13,13,13,-0.398114456426587,12.20,1.79,82.00
100,Wikipedia,295219,"oh, my, how did I get this here twice; trying to do too much at once (what else is new).  Can you copy instead a different color?",17,,12,12,15,8,14,16,18,9,,,18,,6,,,14,21,13,8,19,16,11,13,6,18,,1,20,9,13,13,25,0.032142121053549,16.00,6.40,129.00
101,Wikipedia,298086,Latest version (now on  Commons); all placenames included but still needs some tidying up and  tweaking. Comments?,19,11,13,12,12,15,14,13,17,12,,,19,,2,,,15,18,12,13,7,14,,13,11,14,13,1,21,13,9,17,10,-0.007342001239262,14.00,5.00,114.00
102,Wikipedia,299080,I see that you don't have an account linked to the Wikipedia email. Would you be able to send me a message so that we can talk off Wikipedia?,13,11,16,14,14,16,13,21,22,17,,,19,,23,,,18,17,20,15,22,11,13,15,18,15,19,1,18,10,21,20,21,0.789105308740475,18.00,4.64,141.00
103,Wikipedia,299306,"Sorry, its not immeadiately obvious why thats a revert. Can you clarify?",17,12,13,15,12,11,12,16,17,12,,,16,,16,,,11,20,14,12,20,15,11,12,20,17,13,1,17,16,17,21,13,0.506406619155595,16.80,2.86,72.00
104,Wikipedia,299583,"Hello, csloat. What is your response to my suggestion 'url'?",14,13,13,13,10,9,13,11,14,9,,,15,,10,,,14,14,13,6,7,10,12,12,10,17,13,1,13,13,21,11,17,-0.008461887167924,15.00,4.00,60.00
105,Wikipedia,305475,"Hey, I noticed you protected the article 'url' from being recreated. Will you be able to reverse that If I recreate the article with sourced, factual, real world content?",17,7,12,12,15,13,11,17,23,13,,,19,,19,,,15,18,13,15,8,13,10,12,5,22,18,1,17,21,9,15,16,0.386623429706167,15.60,4.34,170.00
106,Wikipedia,311058,There's an interesting discussion here: 'url'. Care to explain?,10,6,9,12,10,9,14,15,15,5,18,,17,19,,,,,14,11,7,6,,13,16,,10,,1,7,5,13,9,17,-0.765506037075478,10.20,4.82,63.00
107,Wikipedia,317346,"Hi, welcome to Wikipedia.  Could you explain in your 'url' just '''''what''''' a Universiade is?",9,7,9,,11,12,12,16,21,9,16,,20,15,,,,,12,13,15,,,10,9,,12,,1,17,17,13,10,17,0.295770982263029,14.80,3.19,96.00
108,Wikipedia,323592,"I've just seen your message on my Talk page.  Why do you want the disambiguation page to be the one that doesn't say ""disambiguation""?",10,10,13,12,9,11,12,13,16,11,17,,18,22,,,,,,13,10,14,,11,13,,10,,1,9,13,13,11,13,-0.584279667864711,11.80,1.79,134.00
109,Wikipedia,325216,"Hello, I and a few others have made many edits to 'url'.  Do you have any more comments and can you be persuaded to change your vote?",15,7,11,14,13,8,14,16,13,18,16,,21,16,,,,,25,3,17,15,,8,14,,12,,1,17,9,17,21,15,0.235468446329048,15.80,4.38,133.00
110,Wikipedia,333023,You may want to look at the nomination.  What did you intend to do?,14,7,12,13,14,8,13,13,13,10,16,,21,19,,,,,13,13,13,11,,7,12,,14,,1,9,13,5,13,13,-0.984104781939947,10.60,3.58,67.00
111,Wikipedia,335369,I just noticed you've added me as a sock puppet for Blue Sea? Can I ask what led you to this conclusion?,16,10,11,13,10,14,13,14,,8,17,,21,15,,,,,,14,12,15,,11,12,,17,,1,5,13,17,5,15,-0.616792709359434,11.00,5.66,104.00
112,Wikipedia,339348,"All the images are on the right side, which means they sometime clash and push the text away from itself. Have you considered moving some images to the left to stop this?",14,8,12,13,12,14,13,15,19,7,23,,21,22,,,,,14,8,13,17,,13,14,,14,,1,9,13,21,17,21,0.426884317288739,16.20,5.22,170.00
113,Wikipedia,339977,"I have found a better citation for reference 7, but am not sure how to insert the page number (p. 97 from the book cited).  Do you know the right format for this?",23,16,13,13,14,8,15,14,24,22,21,,22,17,,,,,24,15,19,13,,13,12,,13,,1,17,15,18,21,21,0.658334374769842,18.40,2.61,162.00
114,Wikipedia,344363,pls see my comments on your revert on the talk page.  Perhaps you'll consider undoing my revert?,12,6,13,13,9,8,13,16,18,15,18,,19,21,,,,,16,8,13,6,,13,7,,15,,1,9,17,20,17,21,0.533160679530573,16.80,4.71,96.00
115,Wikipedia,344970,Do you mean article edits with sock puppets? Could you give me more precise examples?,16,8,12,13,10,10,12,18,14,18,20,,19,21,,,,,17,13,21,22,,8,17,,19,,1,17,21,14,17,12,0.590740867483848,16.20,3.42,85.00
116,Wikipedia,345103,"Why tag for deletion? It was obviously a new user's attempt at creating a disambiguation page, why not clean it up?",2,7,13,11,6,11,12,11,14,6,14,,16,16,,,,,14,6,11,1,,11,11,,13,,1,9,5,5,9,5,-1.460303679131000,6.60,2.19,115.00
117,Wikipedia,345879,Where did you get the tracklist for the album? Can you please drop me a messafe with the link?,16,7,12,13,14,11,14,14,16,7,15,,22,15,,,,,20,13,12,20,,11,12,,16,,1,17,21,17,22,18,1.318247950995590,19.00,2.35,94.00
118,Wikipedia,347262,"I removed that second paragraph entirely, since the information is covered in the article.  Do you feel that the lead should be larger?",18,15,12,13,9,12,14,17,18,7,22,,22,14,,,,,16,11,10,18,,5,12,,15,,1,16,17,21,15,13,0.711767691854849,16.40,2.97,135.00
119,Wikipedia,348668,I noticed you just removed this category from 'url' and 'url'. Why don't you think they qualify as historical films?,7,10,12,12,12,12,12,13,15,7,16,,18,15,,,,,16,5,15,11,,8,11,,9,,1,9,13,17,13,12,-0.367144530273802,12.80,2.86,116.00
120,Wikipedia,350274,"When JaGaBot updated the monthly challenge winners on 'url', it stripped the image. Could the bot be fixed to leave the image?",18,12,12,13,15,11,15,13,15,19,19,,17,13,,,,,17,13,17,22,,12,12,,17,,1,17,13,14,13,14,0.040130793653029,14.20,1.64,126.00
121,Wikipedia,353762,Why are capital letters used in the article title '''url'''? Is this a proper name of a particular proprietary software package?,17,11,13,13,13,14,13,11,15,13,19,15,,15,6,18,1,,14,13,11,1,14,,11,,13,,1,21,13,21,13,10,-0.024252623838126,15.60,5.08,128.00
122,Wikipedia,355141,My contribution tried to show the impression to others I'am only trying to improve spelling. What's the difference between personel and persona?,20,,12,13,11,13,12,13,18,13,14,16,,16,16,23,14,,11,8,15,15,,13,12,,10,,1,17,13,19,17,13,0.326189469607328,15.80,2.68,144.00
123,Wikipedia,355369,"Right, but not all of it. So can you retrieve it or not?",4,7,12,11,3,12,9,1,15,12,14,12,,25,7,17,1,,1,1,3,12,16,,11,,8,,1,9,5,5,9,5,-1.796080226112420,6.60,2.19,56.00
124,Wikipedia,356288,Hi im currently compiling a college project on unreliable information and would like to view the deleted article Dudley O'Neill. Can you help?,19,9,14,12,19,8,13,15,22,14,14,16,,24,8,17,7,,14,13,12,19,16,15,13,,14,,1,10,24,17,21,16,0.760308852641404,17.60,5.32,142.00
125,Wikipedia,358145,"My page now has a template of ""multiple issues"", but I have put in several references, and there are links to other pages.  What more should I do?",18,12,14,13,13,6,13,13,24,13,18,11,,18,1,17,15,,13,8,17,19,,,15,,20,,1,13,17,11,21,9,-0.126869072184249,14.20,4.82,146.00
126,Wikipedia,358773,"Hey, did you ever read over the material I laid out for you - content as well as ideas for organization of an article?  Any feedback?",19,12,13,12,12,7,13,11,19,13,19,12,,24,8,19,1,,9,12,6,3,16,13,12,,6,,1,21,17,16,11,9,-0.096455956860579,14.80,4.82,133.00
127,Wikipedia,359316,"Zero has taken a break from Wikipedia, and RK has recused himself from editing controversial articles.  Why don't you and I fix up the 'url' article now?",16,8,12,13,12,9,14,13,22,9,15,9,,18,14,10,7,,14,9,17,15,14,11,12,,13,,1,17,13,14,8,17,-0.102584550845816,13.80,3.70,153.00
128,Wikipedia,360251,"On that topic, not every DOS game on Wikipedia has a screenshot. Do you plan on taking any yourself?",14,12,12,13,9,16,13,13,17,11,12,11,,16,19,20,13,,7,2,15,18,18,,12,,11,,1,21,13,15,11,11,-0.118710239219199,14.20,4.15,100.00
129,Wikipedia,362361,Did you just revert back to the old article? Or did I do something wrong with the move?,21,10,13,13,,8,12,14,17,13,19,9,,19,13,19,5,,15,12,11,2,,11,9,,12,,1,13,17,13,13,13,-0.140000948700143,13.80,1.79,87.00
130,Wikipedia,364742,"at the end of the <nowiki><head> </head></nowiki>. Could that be fixed again, please?",,12,12,13,,9,13,16,22,20,19,15,,24,19,17,3,,19,12,11,16,12,13,13,,23,,1,17,9,13,21,17,0.402023422918402,15.40,4.56,85.00
131,Wikipedia,369400,"Your comment about ""the additions were left intact as a courtesy"" sounds a bit strange to me. Maybe you should read 'url'?",4,10,13,12,10,9,12,10,16,13,17,14,,15,17,7,1,,14,8,4,1,16,10,8,,17,,1,13,11,10,9,9,-1.187653929012090,10.40,1.67,122.00
132,Wikipedia,379713,Looks like 'url' (the one missing the side-chain) is unused and doesn't seem useful (due to that structural flaw). Maybe tag it for deletion?,19,12,12,13,15,10,13,16,19,13,19,14,,17,18,19,14,,16,12,10,14,,,12,,18,,1,17,13,25,17,13,0.430426529090177,17.00,4.90,141.00
133,Wikipedia,379823,"I get the error message ""sorry, not enough content to play this station"". Can you explain a bit what your code do, and does this need an account on Lastfm or something else ?",17,13,13,13,12,9,12,13,24,11,21,18,,22,2,9,6,,10,13,15,20,16,13,14,,20,,1,17,17,13,13,13,0.190296979174086,14.60,2.19,174.00
134,Wikipedia,379987,It's a shame that 'url' still needs repair.  What do you think?,21,9,13,13,14,7,13,13,19,13,21,17,,18,4,18,11,,17,7,10,1,16,4,15,,8,,1,13,17,15,13,18,0.268260965373727,15.20,2.28,63.00
135,Wikipedia,383875,As someone who has edited 'url' you might be interested to see that it has been suggested for deletion (or some other form of bastardization).  Care to join in the discussion?,6,8,12,12,17,9,14,16,21,11,18,11,,15,15,15,25,,19,14,16,20,,,13,,10,,1,17,17,17,9,17,0.441767414014814,15.40,3.58,175.00
136,Wikipedia,384109,I feel 'url' is a personal attack against me. Can you please remove it for me per 'url'?,14,5,11,12,7,6,13,14,16,10,,,24,,16,,8,14,6,7,16,19,16,5,9,,,,1,17,9,13,13,17,0.157194123169367,13.80,3.35,88.00
137,Wikipedia,385164,"FloraBase has an entry for this, but no other information.'url' Know anything about it?",17,9,12,12,17,9,13,11,19,11,,,19,,9,,4,6,19,14,8,11,14,10,11,,,,1,13,13,13,21,13,-0.124035789361454,14.60,3.58,87.00
138,Wikipedia,385974,That link just takes me to the arbcom main page. Are you intending to link me to something else?,9,10,12,12,6,13,11,13,16,8,,,19,,11,,4,15,14,17,12,13,16,12,9,,,,1,14,17,18,12,13,0.393177010704061,14.80,2.59,96.00
139,Wikipedia,387960,"I have never heard of the 1933 ""freakish heat flash"" in Coimbra, Portugal. Will you please provide some sources that you used for forming such a conclusion?",14,6,12,12,14,9,14,16,16,11,,,22,,9,,6,14,13,13,18,23,14,10,12,,,,1,9,13,17,13,17,-0.041169826874404,13.80,3.35,156.00
140,Wikipedia,389573,"That was nice work you did improving the reference I added. I still have to learn that, can you show me?",20,15,12,13,19,9,16,15,21,13,,,19,,6,,16,14,16,17,17,22,18,13,11,,,,1,21,17,21,24,17,1.600173910323040,20.00,3.00,104.00
141,Wikipedia,391212,"The link to Sciencedude by Gary Robbins: Obituary of Joel Hedgpeth, which I believe you added, no longer includes the obituary.  Can you up-date the link?",17,7,12,13,12,7,13,12,16,7,,,17,,,,3,16,19,17,16,16,15,8,12,,,,1,18,13,13,13,17,0.018862293965474,14.80,2.49,154.00
142,Wikipedia,393977,"Ok. Thank you for clarifying. Could you be more specific as to what you are specifying as ""the claim"" so that I may find relevant information to refute?",22,10,12,14,13,6,13,21,20,17,,,19,,17,,14,15,17,18,8,21,15,12,9,,,,1,21,13,21,25,19,1.436016056516870,19.80,4.38,152.00
143,Wikipedia,394295,I am not sure why 'url' is not just in the article 'url' as a straight table. Is there some chance the template might be used on another article?,15,11,12,13,15,14,13,19,20,16,,,20,,6,,10,16,25,13,18,17,15,11,13,,,,1,17,17,13,13,13,-0.050795740810939,14.60,2.19,145.00
144,Wikipedia,394690,You deleted Ricardo Marinello. What was written in the article?,11,11,12,12,,7,11,10,16,9,,,24,,3,,1,17,16,10,16,4,15,10,10,,,,1,11,9,10,13,5,-1.005440717846530,9.60,2.97,63.00
145,Wikipedia,395661,I had a look at the place noted on the top of the talk page about 1rr and I was unable to find the sanction you talked about. Where is it listed please?,17,7,13,13,13,14,13,16,17,16,,,21,,6,,1,17,13,18,17,23,17,8,11,,,,1,21,18,17,17,21,1.362112258092960,18.80,2.05,152.00
146,Wikipedia,396333,"Yes, this is a nice illustration. I'd love to have a look of the code; is it possible for you to mail it to me?",22,15,13,14,20,9,16,18,24,18,,,17,,7,,23,15,25,20,19,23,16,21,14,,,,1,25,21,21,20,17,1.583775399535330,20.80,2.86,111.00
147,Wikipedia,397366,"Hi, I reverted vandalism on a couple of your subpages that you transclude in your main userpage. Do you want me to semi-protect them (your subpages) so that it is more difficult for vandals to subtly vandalize you?",20,9,13,12,19,8,16,,20,15,,,20,,21,,21,18,21,18,10,22,14,,,,,,1,17,13,13,18,21,0.449102090211830,16.40,3.44,214.00
148,Wikipedia,397562,Please explain this 'url'. Is there a valid reason why this image was removed?,7,7,12,12,11,9,11,7,9,11,,,20,,6,,3,15,7,11,7,3,16,11,8,,,,1,9,17,9,17,5,-0.488455342281047,11.40,5.37,78.00
149,Wikipedia,407369,"I replied... also, are you watching that page?  If so, I will stop bothering you here?",16,11,8,13,13,8,8,13,14,9,,,23,,7,,4,17,21,11,14,13,17,2,9,,,,1,13,8,17,14,7,-0.243455407480784,11.80,4.21,86.00
150,Wikipedia,417587,"Also - for some reason images on image pages now appear in full size when I view them, rather than more convienient viewing sizes. Do you know how I can fix this?",20,17,12,13,15,11,14,14,18,13,,,16,,18,,10,18,13,15,17,10,16,12,10,,,,1,17,11,13,17,13,0.005333391114620,14.20,2.68,162.00
151,Wikipedia,419038,"Hmmm, Dev, Jet123's nom doesn't really count as your second one, right? I can overwrite it?",17,7,12,13,14,9,,15,14,6,,,,,,16,,4,25,11,10,8,14,,11,,14,11,1,1,15,9,17,16,-0.152301048645653,11.60,6.69,91.00
152,Wikipedia,419907,"I have also put speedy delete tags on 'url' and 'url'.  Was there any particular reason to move your user/user talk pages to that name, and back again?",14,10,14,13,14,9,10,15,17,13,,,,,,13,,5,14,15,13,18,14,11,11,,18,10,1,9,13,13,9,13,-0.727671849839881,11.40,2.19,151.00
153,Wikipedia,421270,Are you saying that Racepacket attempted to contact Laura's employer? When and where did this happen?,11,10,9,12,7,9,12,13,13,12,,,,,,7,,9,11,6,12,18,11,12,11,,12,10,1,9,13,17,13,9,-0.542153208129642,12.20,3.35,101.00
154,Wikipedia,423432,"Sorry, I've moved a number of articles and thought I did it correctly. How is moving done properly without losing the edit history?",21,14,13,16,16,12,16,13,18,13,,,,,,22,,8,15,14,17,17,16,,11,,16,17,1,17,19,17,15,21,0.868239736051647,17.80,2.28,131.00
155,Wikipedia,423536,"And what, may I ask, is ''your'' relationship to Hammersoft? How did you come upon this matter?",8,8,12,11,8,14,8,19,11,13,,,,,,,,4,12,2,16,16,17,10,12,,16,10,1,1,19,12,9,9,-0.825679108355563,10.00,6.48,95.00
156,Wikipedia,423540,I went to 'url' and couldn't find it. Can you provide a link?,21,14,13,13,14,10,14,14,14,13,,,,,,20,,14,16,14,12,23,18,11,12,,20,13,1,17,18,18,15,13,0.552783980729751,16.20,2.17,61.00
157,Wikipedia,426769,"Hi, I hadn't realized that you had made a revert on redirecting this.  Could you see my comments on 'url'?",18,14,15,13,17,14,13,16,19,10,,,,,,12,,4,20,15,19,21,14,11,12,,19,12,1,17,19,16,9,17,0.561095105111201,15.60,3.85,106.00
158,Wikipedia,428392,I have an email from the owner of this image that your BOT deleted.  Can you please restore this and I can send in the email granting me permission to post?,17,10,13,13,16,11,12,14,18,15,,,,,,18,,14,2,6,21,22,13,13,12,,22,13,1,21,17,17,18,21,1.070393657876890,18.80,2.05,156.00
159,Wikipedia,431479,"I would like to do the same for 'url', a Houston neighborhood. How do I do this?",18,14,14,13,13,10,12,14,19,13,,,,,,17,,8,13,12,13,17,15,12,12,,17,13,1,13,13,14,13,13,-0.164198105689634,13.20,0.45,80.00
160,Wikipedia,438343,"Hello, I noticed you recently did a lot of work on the '''url''' page. I was wondering if you know of the origin of the word ""Nassarius"" - its etymology/ what is it named after?",20,10,13,15,14,9,13,13,21,10,,,,,,15,,9,1,15,21,21,16,14,11,,13,11,1,21,21,18,21,13,1.114793561177550,18.80,3.49,177.00
161,Wikipedia,438448,Understood. Do you know of any legal expert you could contact to clarify this issue?,21,14,13,13,16,10,13,15,17,13,,,,,,12,,6,13,14,18,22,14,13,13,,18,11,1,15,13,15,13,18,0.084084263311664,14.80,2.05,84.00
162,Wikipedia,439715,"Hello again. Could you move this to 'url', please?",20,12,18,14,9,9,17,14,17,21,,,,,,23,,14,25,3,9,24,14,11,13,,23,13,1,20,20,17,21,21,1.635609213722240,19.80,1.64,50.00
163,Wikipedia,442925,Why on earth have you deleted the article on the 'url'?  Can you please undelete it?,2,4,9,11,4,9,5,2,5,5,,,,,,7,,3,12,1,6,3,18,11,13,,20,3,1,9,17,8,5,9,-1.003427924397540,9.60,4.45,84.00
164,Wikipedia,446166,I note that you've edited since this was brought up here. Could you please respond?,11,12,13,12,15,9,11,11,17,18,,,,,,22,,18,12,10,16,22,15,12,10,,21,9,1,21,21,17,11,12,0.536175338438654,16.40,4.77,83.00
165,Wikipedia,448921,"Hey, I just noticed 'url', and something doesn't seem right. What should be done?",19,16,11,13,16,14,13,16,20,10,,,,,,13,,4,19,14,9,17,14,7,10,,17,11,1,17,13,21,16,17,0.360443418021276,16.80,2.86,81.00
166,Wikipedia,454457,"Hi Deb, I created the page which was deleted which I hoped could have been a stub starting point for building up a better and more detailed article about the organisation. Could you offer some advice on how I could have made it better and have avoided deletion?",20,21,14,19,22,7,14,22,25,18,,,,,9,18,25,,25,22,20,25,12,,12,19,20,22,1,17,16,21,17,17,1.019052846109090,17.60,1.95,261.00
167,Wikipedia,456164,The large coat of arms is still be commented on. Maybe you can lend a word or two?,15,15,18,12,12,10,14,20,20,14,,,,,14,16,19,,13,14,17,11,13,10,14,16,15,9,1,21,16,15,15,13,0.460458167629637,16.00,3.00,82.00
168,Wikipedia,458314,You know there's no excuse for the edits you're making related to your position at 'url'. This has to go to 'url'; would you like to make the report?,2,9,12,8,17,7,13,10,16,15,,,,,15,15,9,,2,4,19,7,13,10,14,13,14,9,1,13,9,9,9,5,-1.570315603755060,9.00,2.83,149.00
169,Wikipedia,460261,"My edit on 'url' was written by me, not copied from a forum. Out of curiousity, which forum copied my post on Wikipedia?",13,9,13,12,11,6,12,14,20,10,,,,,6,16,1,,17,14,17,8,9,6,15,17,13,10,1,14,15,16,5,17,-0.233122612112982,13.40,4.83,120.00
170,Wikipedia,460480,"I thought that I should tell you that I created a new SVG version of the Wikipedia logo, located 'url'. It has a few problems, could you help me with it?",19,20,17,13,19,12,14,22,18,18,,,,,5,20,16,,25,15,20,23,14,12,13,17,19,13,1,15,21,13,21,17,0.910388191108508,17.40,3.58,153.00
171,Wikipedia,466813,"Some time ago you uploaded an image of the Knowledge Navigator, which was speedied some time later. Can you upload the file again?",18,16,16,12,11,16,13,15,17,13,,,,,12,12,15,,21,13,16,18,12,12,13,16,18,12,1,17,17,13,16,19,0.642618090891479,16.40,2.19,130.00
172,Wikipedia,471521,Have a look at the changes. Do you think they will break anything?,13,19,14,12,16,11,13,12,20,13,,,,,11,13,1,,19,8,9,13,13,8,13,16,15,11,1,13,17,13,17,17,0.305300582524353,15.40,2.19,66.00
173,Wikipedia,476471,The primary meaning is not formatted well here. Care to take a shot at it?,16,14,13,12,15,13,14,14,16,10,,,,,16,17,25,,25,13,13,17,16,8,18,10,10,9,1,13,11,5,17,13,-0.200439253610158,11.80,4.38,74.00
174,Wikipedia,476584,Something's still not right with me here. Think you can perform one of those cleanups?,17,15,12,11,14,17,13,12,20,11,,,,,14,17,14,,23,10,14,13,15,11,12,16,16,10,1,13,13,13,9,14,-0.659355278595771,12.40,1.95,86.00
175,Wikipedia,476673,Either 'url' is really misinterpreting the guidelines or I missed out on something. Care to shed light here?,16,10,11,11,12,13,12,13,18,11,,,,,10,15,25,,14,17,13,21,14,7,15,6,11,11,1,13,9,9,13,1,-0.882155274327545,9.00,4.90,108.00
176,Wikipedia,478167,"<person>, with whom you discussed linkspam in 2006, has returned. Could you offer your views on his talkpage?",14,18,17,14,16,12,13,16,19,18,,,,,12,17,25,,17,16,18,23,15,14,13,14,19,18,1,12,9,14,15,15,-0.029636785295092,13.00,2.55,109.00
177,Wikipedia,480295,"I ""voted"" weak keep, based on what I've found.  Can you comment?",12,14,13,11,11,16,13,12,17,10,,,,,14,15,9,,13,13,13,17,18,,12,16,14,11,1,22,12,9,15,13,0.008860021497849,14.20,4.87,64.00
178,Wikipedia,489092,"You deleted this, but somehow it still shows up on the parent category's page 'url'.  Is this normal and/or can you fix this?",18,17,14,13,14,14,13,12,18,7,,,,,12,16,1,,14,14,9,7,18,11,15,15,14,9,1,17,17,13,13,13,0.027776705509151,14.60,2.19,125.00
179,Wikipedia,492399,"Hello - someone moved 'url' to a new title with diacritics - and a hyphen, which nobody in the talk page had ever discussed. How does one undo that?",17,15,15,11,16,11,13,11,19,10,,,,,11,21,12,,20,13,14,18,15,11,9,19,13,14,1,13,17,13,11,17,-0.002468155481010,14.20,2.68,148.00
180,Wikipedia,493880,Without information about the source and whether it's a free use or fair use picture it can't be used under the Wikipedia rules. Do you have this information?,10,10,14,11,11,16,13,11,15,11,,,,,10,16,17,,13,14,17,10,15,11,16,12,15,14,1,13,13,15,13,18,-0.092315452460961,14.40,2.19,158.00
181,Wikipedia,494638,"I never received any notification of any deletion proposal, lest I would have contested. Is there any way to find the original proposal and/or artical, or has it just been sent to oblivion?",19,9,9,11,12,5,11,16,20,15,,,,15,,,22,18,14,14,17,13,13,18,7,15,,12,1,13,14,17,5,12,-0.640804779683309,12.20,4.44,189.00
182,Wikipedia,499757,Welcome to WikiProject Austria. I'm wondering if you're willing to coordinate the project for a while?,19,16,13,15,20,14,14,19,19,20,,,,24,,,25,23,25,19,14,17,16,20,19,20,,13,1,21,18,13,21,25,1.008216344733210,19.60,4.45,102.00
183,Wikipedia,500319,"You added managerial stats but they state Ferguson only managed St.Mirren for 12 games.  That's too few given he was there for 4 years, please can you fix?",14,12,15,13,11,12,13,13,19,12,,,,20,,,5,18,16,12,17,12,11,16,12,19,,11,1,16,9,15,9,18,0.024422469580744,13.40,4.16,155.00
184,Wikipedia,505413,I notice that you are using a very old version of my monobook script. Have you considered updating it?,12,10,16,12,13,12,13,17,16,9,,,,18,,,14,10,12,7,19,12,13,15,8,3,,13,1,13,15,17,6,20,-0.066008441108740,14.20,5.26,102.00
185,Wikipedia,505765,Your bot has ruined the formatting on ref 2 in 'url'. Would you care to either call off the bot or suggest an alternate formatting that will work better?,2,12,14,11,13,9,14,16,9,7,,,,1,,,1,16,5,7,18,9,15,13,20,20,,16,1,9,5,9,8,15,-1.167654459926990,9.20,3.63,153.00
186,Wikipedia,507179,"You may not remember doing this but, you erased a page entitled, Earl Newton.  Why did you do it?",10,10,15,11,9,8,12,3,13,9,,,,16,,,1,3,15,10,17,7,15,13,5,6,,4,1,9,13,9,17,9,-0.606565687128062,11.40,3.58,97.00
187,Wikipedia,507499,"url' is telling me that your talk page and 'url' supposedly both link there, but I can't find them for the life of me. Any ideas?",18,10,14,11,14,16,14,14,15,13,,,,24,,,14,15,25,13,15,13,14,16,13,13,,12,1,13,16,15,10,13,-0.012150263353958,13.40,2.30,130.00
188,Wikipedia,508961,"I hope I am now signed on and you remove the erroneous vandalism report. Don't you think it would be more politic to send a message with a question than to preemptorily declare an edit ""vandalism""?",2,5,13,11,11,8,10,15,5,8,,,,1,,,1,15,1,4,17,8,14,12,16,18,,3,1,13,9,5,13,16,-0.642454605844774,11.20,4.27,197.00
189,Wikipedia,513103,"It isn't clear to me that he knew WHO Amorrow was, someone has left a message that will hopefully set him straight. Do you have a link to the blog?",15,13,12,12,12,10,13,13,14,13,,,,17,,,13,14,14,12,18,20,13,17,12,15,,11,1,17,13,13,21,13,0.231112674443023,15.40,3.58,147.00
190,Wikipedia,513734,"Hi, thanks for moving three of the Brussels municipalities. Could you move 'url' to 'url' as well?",25,12,15,14,18,17,15,16,16,18,,,,25,,,25,14,25,14,8,21,14,21,22,20,,13,1,21,21,21,21,21,1.538699432749870,21.00,0.00,98.00
191,Wikipedia,517632,"Are you there? I just posted YAP, Yet Another Plea, on 'url', might you wish to pitch in with something technical or at least magisterial?",6,11,10,12,10,11,14,16,18,15,,,,25,,,14,18,17,11,11,9,16,12,10,18,,8,1,17,17,13,9,9,-0.054131890645652,13.00,4.00,138.00
192,Wikipedia,519222,"Also, I undid the recent move to Eris, pending some discussion. Maybe you'd like to support/oppose the move?",12,16,14,13,9,9,14,19,16,14,,,,1,,,18,13,23,19,13,14,16,13,14,20,,10,1,17,17,13,17,7,-0.000434798226103,14.20,4.38,108.00
193,Wikipedia,520030,This is starting to almost feel like harassment. Perhaps we should take this to a mediation committee?,10,8,12,9,10,9,14,16,17,13,,,,17,,,25,16,12,13,13,15,13,15,13,21,,10,1,14,16,10,1,9,-0.940202138670502,10.00,5.79,102.00
194,Wikipedia,522511,"Alistair, you have only undone the autoblock; you haven't unblocked the account yet. Could you do that, please?",9,8,15,12,6,6,13,12,16,19,,,,6,,,1,21,19,8,14,5,13,13,18,20,,13,1,18,21,19,17,13,0.676901724382956,17.60,2.97,111.00
195,Wikipedia,522744,I'm not sure what you mean by pointing out that votes were placed before the version you created. Could you elaborate?,18,20,15,14,11,13,14,19,17,13,,,,16,,,5,19,16,10,12,17,15,18,14,19,,7,1,9,13,9,13,13,-0.626972516975432,11.40,2.19,118.00
196,Wikipedia,522828,"Hello. Since you have contributed to 'url' in the past, could you spare a minute to discuss the fate of 'url'?",18,12,11,13,20,11,13,16,19,21,19,10,,12,,17,11,13,8,19,18,23,12,15,11,16,19,13,1,21,23,21,19,15,1.096368621832000,19.80,3.03,110.00
197,Wikipedia,526560,"I'd really like to keep the image, just because it's of a Medal of Honor winner.  Is there a way to shrink the table, or another place in the article (Like the Footnotes section) where the image would work?",19,18,12,13,18,8,14,14,21,13,14,13,,14,,14,17,18,22,15,14,21,16,15,10,19,16,14,1,19,19,17,17,17,0.598718243522695,17.80,1.10,206.00
198,Wikipedia,526810,"There is a recommendation on the talk page of the ""'url'"". What do you think of it?",19,16,13,13,16,10,14,13,15,13,15,10,,18,,14,9,13,14,16,15,14,,12,11,9,16,12,1,13,21,17,13,17,0.197944295228960,16.20,3.35,83.00
199,Wikipedia,528217,Does that mean all the realiable sources are incorrect too? Was the e-mail from a reliable source?,12,17,13,13,12,11,14,13,18,12,18,12,,16,,9,1,15,12,12,16,16,,11,9,15,11,10,1,17,13,17,15,13,0.052707262723951,15.00,2.00,98.00
200,Wikipedia,528379,"Why was 'url' deleted when it was simply a crop of 'url' which is public domain? I'm pretty sure I wrote that on the description page, but if not, can it be restored?",11,8,13,13,13,8,12,12,13,11,21,18,,22,,5,10,17,10,13,13,7,19,11,12,18,7,9,1,13,15,9,10,13,-0.444126569957188,12.00,2.45,166.00
201,Wikipedia,529277,Update is four hours late. Any chance you could post it?,3,11,13,11,8,11,13,12,14,12,14,12,,11,,7,11,8,13,8,15,4,,,8,12,6,7,1,9,17,17,9,13,-0.280578315457639,13.00,4.00,56.00
202,Wikipedia,530060,"Excellent, thank you! Can you also delete the 'url' from en and move hooks from the 'url' to 'url'?",24,21,16,15,19,11,12,16,23,18,17,17,,14,,19,17,25,25,16,20,24,,22,15,17,22,17,1,21,21,21,21,21,1.762599485574950,21.00,0.00,99.00
203,Wikipedia,530306,Thank you! Could you protect the picture that's live too?,21,17,15,13,23,19,14,14,23,21,18,19,,14,,22,7,22,25,14,16,19,15,19,13,10,22,15,1,17,21,13,21,21,1.186535460850800,18.60,3.58,57.00
204,Wikipedia,530683,Commons 'url' has been at Deletion Requests since July.  Can it be closed now?,15,12,13,12,15,7,13,7,15,13,18,10,,17,,16,12,11,16,14,16,16,17,11,9,15,13,10,1,11,20,11,14,17,0.182619747437819,14.60,3.91,78.00
205,Wikipedia,532974,"You removed the border issue coverage in 'url', and your explanation was that it's covered in another article. Where is it covered?",10,12,13,12,13,12,12,12,19,11,17,11,,19,,5,9,16,11,12,13,14,13,14,11,13,14,10,1,14,9,13,8,9,-0.682148724150298,10.60,2.70,131.00
206,Wikipedia,542860,Hello? Whom do I speak to to become a 'url'?,18,11,12,12,6,11,15,7,12,11,16,4,,15,,16,,18,9,14,9,13,19,10,10,14,10,13,1,21,20,17,15,11,0.528433624176305,16.80,4.02,44.00
207,Wikipedia,545520,"Hi Tim, I received the photograph from Delft but it's page looks a mess and I can't edit it. Can you, or do you know someone who can, fix it?",18,10,18,12,19,11,15,14,17,16,17,19,,13,,18,11,19,23,16,19,20,20,13,11,19,22,13,1,17,13,17,21,13,0.590047671815491,16.20,3.35,141.00
208,Wikipedia,549682,"As I wrote above, at first I thought lets keep it, but after I heard some arguments, and when I made analysis of my own, I got to my conclusion. What's yours?",12,14,13,12,15,17,10,13,13,13,19,17,,11,,6,6,12,16,10,14,12,,12,12,8,15,12,1,21,17,15,18,17,0.580143976250234,17.60,2.19,158.00
209,Wikipedia,550275,Could you please block me indefinitely. If you can't then what do I need to do to get blocked indefinitely?,12,8,13,11,11,8,13,14,,18,18,7,,17,,21,1,11,4,13,15,22,19,14,9,13,9,14,1,6,13,17,18,9,-0.612301340033391,12.60,5.13,107.00
210,Wikipedia,550622,"Hi, I noticed on 'url' you mentioned its Alexa traffic rank.  How do you find out the Alexa traffic rank of something?",15,18,14,13,22,14,14,11,16,15,8,9,,19,,15,6,11,16,13,13,18,16,,10,17,12,11,1,13,13,17,13,13,0.018445532263199,13.80,1.79,118.00
211,Wikipedia,553125,"I presume you haven't obliterated them completely, because that would be to be editorialise enormously. Where have you put them instead?",,8,9,10,16,10,9,14,12,14,21,,15,18,,15,,,1,4,16,13,,,,,12,12,1,17,9,11,11,5,-0.952875762351023,10.60,4.34,136.00
212,Wikipedia,553188,"This page is new, the result of a move - the page it moved from is now a redirect to 'url', but the history which goes with it is at the page I asked to be deleted. Can you delete the page, while copying the history over to the article?",21,7,13,12,14,9,14,13,21,11,21,,16,16,,17,,,20,8,18,22,,8,14,,16,15,1,17,13,13,21,15,0.168019689032350,15.80,3.35,236.00
213,Wikipedia,555331,I must be missing something here.  Would you mind clarifying for me the nature of your extensive work on 'url'?,16,9,13,12,10,14,12,17,24,18,20,,19,17,,17,,,7,20,20,22,21,13,13,,21,18,1,6,2,21,10,9,-0.789036222843699,9.60,7.09,111.00
214,Wikipedia,555624,"The 'url' has a request (header ""'url'"") left a few hours ago by someone who has pictures of signs in China but can't read them.  Would you please be willing to help?",22,12,12,14,18,9,16,17,22,18,18,,16,19,,16,,,22,16,22,23,,12,13,,21,14,1,17,18,19,17,14,0.550145189185154,17.00,1.87,166.00
215,Wikipedia,559348,"url' has copyedited the article on my request, cleaning up much of the complicated sentence structure; I'm not sure if it's sufficient, however.  Perhaps you might be able to take another look at it?",18,18,12,13,18,8,15,18,22,16,20,,25,19,,13,,,25,18,16,17,,8,10,,21,14,1,13,13,17,17,9,0.080906454996032,13.80,3.35,200.00
216,Wikipedia,560871,So how come he can have all types of slandereous links on his wiki page? Don't you think being an admin you should delete them?,3,2,13,10,7,6,11,4,17,8,19,,22,17,,15,,,1,1,15,5,11,,9,,12,5,1,13,5,14,10,8,-0.893352474646606,10.00,3.67,127.00
217,Wikipedia,563032,I don't think anybody wants the stale uninformative old Victorian results infoboxes. Can you gain consensus before deviating?,2,3,11,13,10,10,14,2,2,9,11,,19,13,,17,,,1,4,7,18,,,12,,19,14,1,9,13,13,11,13,-0.571689391145459,11.80,1.79,125.00
218,Wikipedia,563575,GorillaWarfare- I don't know if you saw my reply on my talk page. Are you interested in being my mentor for the GU De-Ba'athification article?,17,11,12,13,14,8,15,13,23,16,19,,15,16,,18,,,,20,20,19,,10,12,,22,15,1,17,17,21,13,17,0.564197516640795,17.00,2.83,142.00
219,Wikipedia,563652,"Hi GW.. I was a bit bored today, so I made this: 'url'.. What do you think so far?",19,11,13,12,18,,14,12,19,13,19,,18,21,,16,,,18,13,20,18,16,8,7,,18,14,1,13,13,21,13,13,-0.067904291740868,14.60,3.58,82.00
220,Wikipedia,566998,"He's still at it, and stating that we can't stop him as he has not got a static IP. Can you at least block him for now?",10,3,11,11,11,6,12,12,20,9,23,,17,16,,13,,,12,12,20,4,,11,12,,16,9,1,17,14,5,16,13,-0.154574287469175,13.00,4.74,119.00
221,Wikipedia,568972,It's larger now than the sub-stub previously deleted.  Can sources be added to verify the achievements?,16,11,14,13,16,10,14,14,20,12,11,,21,17,,17,,,18,12,16,18,,,11,,16,14,1,10,13,21,16,18,0.609573552686179,15.60,4.28,103.00
222,Wikipedia,569261,I have applied to become an admin but no one has voted?  Why is this?,11,6,12,12,13,7,11,4,12,10,5,,21,17,,16,,,9,2,13,9,9,11,6,,9,6,1,13,13,13,13,13,-0.315272755852209,13.00,0.00,69.00
223,Wikipedia,576536,"So do I, because, inspite of my 100s of friends and supporters, I'm feeling a little beleaguered and lonely here. If I can hang on in here, can't you at least keep me company?",7,6,11,12,4,12,13,11,11,13,18,,19,19,,25,,,9,8,17,16,,15,11,,13,21,1,10,11,13,9,13,-0.530598564258842,11.20,1.79,175.00
224,Wikipedia,576930,url' is currently an orphaned article. Can you find some articles to link to 'Christa Behmenburg''?,17,13,12,13,13,9,14,12,18,10,21,,18,20,,12,,,16,15,14,23,20,14,7,,18,12,1,14,18,21,16,14,0.180393089594207,16.60,2.97,100.00
225,Wikipedia,577309,"I'm somewhat puzzled by your recent edits on the Harper page, which have left two different sets of footnotes.  Could you please explain your rationale for the change?",12,12,13,12,13,8,13,16,18,20,20,,11,20,,16,,,18,13,22,22,17,12,6,,23,13,1,17,16,17,9,17,0.290842552629383,15.20,3.49,167.00
226,Wikipedia,577827,These edits appear to be related to the same issue that caused the page to be protected. Could you please explain why you are doing this?,11,7,13,15,11,12,12,12,15,16,,1,20,,,11,,16,13,5,19,19,19,12,12,14,,,1,21,17,14,9,13,0.002574701654323,14.80,4.49,137.00
227,Wikipedia,578640,"Hi - I noticed the same, and was wondering how you do it!  I've been trying to get 'url' next to my name by default and I can't seem to manage it... any help?",20,18,12,12,17,7,14,15,22,13,,18,20,,,17,,8,25,15,11,7,14,14,14,13,,,1,17,13,18,16,13,0.131358249485868,15.40,2.30,158.00
228,Wikipedia,579888,"Hi, I saw you protected 'url' ('url', 'url', 'url'). In light of their signing to 'url', their 'url', 'url', and 'url' 'url' 'url', would you mind unprotecting it so I can give it a better treatment?",21,7,13,14,,10,13,15,23,18,,3,23,,,17,,13,25,17,5,14,19,8,10,,,,1,18,13,13,16,13,0.266128083716851,14.60,2.30,199.00
229,Wikipedia,581772,"The review has been up there for something like six weeks, I notice. Think you'll be able to take care of those last couple of things?",10,8,14,11,10,14,10,13,14,11,,15,22,,,17,,3,18,3,13,13,12,11,12,9,,,1,9,5,13,5,9,-1.094270791952880,8.20,3.35,134.00
230,Wikipedia,582966,"My user page is semi-protected, and the vandals are blocked. Do you want to semi-protect my talk for me please?",17,9,13,12,11,9,14,13,20,9,,6,20,,,19,,18,20,17,15,20,16,13,12,18,,,1,17,17,16,9,13,0.120701665348439,14.40,3.44,111.00
231,Wikipedia,586714,Hmm...it appears to be an infobox at the moment and lacking in any content other than that. Have you done a search for the battle at all?,2,,13,13,10,9,12,7,11,6,,6,22,,,14,,6,8,5,16,7,18,7,8,7,,,1,13,7,17,15,10,-0.452850511737648,12.40,3.97,137.00
232,Wikipedia,587361,"In your vote against my candidacy you stated that you were a ""weak oppose"".  May I ask why?",18,16,12,13,15,6,15,15,14,16,,4,20,,,17,,19,16,14,18,10,14,9,11,19,,,1,17,17,13,19,13,0.409888093545373,15.80,2.68,91.00
233,Wikipedia,588710,"I am the uploader of the hubble pictures.  What do I put for the author, description, and the other information?",19,12,13,12,12,16,13,13,19,13,,1,15,,,17,,15,17,13,10,11,17,13,11,16,,,1,13,13,21,13,13,-0.133055944741405,14.60,3.58,112.00
234,Wikipedia,600763,We are working on adding some information regarding the significance of the podcast. Do you have any additional tips on improving out article's quality?,22,20,12,14,13,12,15,14,23,13,,13,21,,,17,,17,25,17,17,19,12,8,13,20,,,1,17,25,17,17,17,0.800652708449907,18.60,3.58,152.00
235,Wikipedia,600844,During your RFA you stated that you would be helping deal with the Scibaby situation after Raul stopped doing it. Do you feel that you've done what you said you were going to do?,6,7,12,11,,14,12,13,10,11,,7,20,,,13,,14,9,1,13,10,12,,8,14,,,1,9,9,9,11,13,-1.150131314392460,10.20,1.79,178.00
236,Wikipedia,600849,"I noticed your ""Original Research"" notation for the section on weights and measures in the article in Liberia. Could you explain in more detail your concern and how it might be remedied?",17,9,14,15,10,13,13,17,21,17,,12,21,,,15,,7,25,16,20,23,14,14,14,17,,,1,14,21,13,16,17,0.548947376741203,16.20,3.11,186.00
237,Wikipedia,601098,This is clearly them being just as congenial and accurate as always.'url' What is the appropriate place to report them?,13,6,13,12,6,16,13,13,17,11,,18,18,,,13,,15,16,15,16,14,14,,14,15,,,1,13,9,1,11,14,-0.709119723525221,9.60,5.18,119.00
238,Wikipedia,607129,"Actually, that's again a misromanization.  Would you ''please'' stop this insanity?",1,2,12,7,3,4,9,3,2,15,,1,21,,,6,,4,2,1,3,3,22,4,4,17,,,1,15,5,17,5,9,-0.878475786969080,10.20,5.59,83.00
239,Wikipedia,607362,"Email checked and responded to.  If you can't respond here, could you at least leave me a note to check my email?",11,8,12,12,2,14,10,8,11,9,,1,21,,,13,,18,10,3,14,15,13,5,14,19,,,1,18,12,5,9,10,-0.911159791435926,10.80,4.76,113.00
240,Wikipedia,607523,"As to our last discussion, you said that 'url' wasn't comprehensive enough and didn't show clearly its goal. Do you have any suggesting to improve this template?",16,7,12,13,13,10,15,13,21,13,,10,19,,,16,,15,17,15,21,23,18,11,12,16,,,1,18,17,9,21,9,0.255764518217328,14.80,5.50,161.00
241,Wikipedia,607779,"To be perfectly honest, I really have no idea what you're talking about.  Would it not be simpler to just ''add'' a link to the template (if that is indeed what you mean) than to create a potentially offensive and almost certain to be rapidly deleted category?",5,8,8,9,8,10,10,15,7,15,18,,,11,,,1,18,1,4,20,22,,10,14,18,10,13,1,10,5,17,10,9,-0.795378404465818,10.20,4.32,260.00
242,Wikipedia,608897,"This redirect isn't working because the admin who locked the page slapped a template onto it, causing this link to become mundane. Can you fix this puzzling circumstance?",15,10,8,12,18,15,10,11,16,12,12,,,12,,,9,4,16,13,17,19,16,,12,18,19,11,1,17,9,13,10,13,-0.417281542956494,12.40,3.13,170.00
243,Wikipedia,609730,"url' and 'url' are both accounts which have vandalised the article, and both have been created solely for vandalism. I believe they're one and the same; do you know an admin that can take action?",18,10,12,12,14,9,13,15,16,8,11,,,18,,,7,12,13,15,18,16,13,,12,,14,13,1,17,13,13,13,13,-0.155905883195296,13.80,1.79,196.00
244,Wikipedia,609847,Can you look at this page 'url' and tell me what you think. It has the vandal picture but wasn't edited today?,17,16,10,12,14,16,13,13,15,13,15,,,23,,,16,5,15,13,13,15,17,12,12,10,18,12,1,21,13,9,18,15,0.431631419747314,15.20,4.60,110.00
245,Wikipedia,611731,"Can I use a manga image colored by myself? There won't be any problems with the lisense, right?",19,12,13,12,12,10,13,13,17,13,14,,,15,,,20,19,19,10,14,15,12,9,9,13,18,11,1,17,17,16,17,17,0.636410035133330,16.80,0.45,95.00
246,Wikipedia,615525,"I'm sorry, but I don't see how my edit makes it harder to find the book. Could you please explain?",11,10,13,14,16,11,13,12,13,21,25,,,17,,,10,19,24,14,20,21,15,15,14,22,23,18,1,12,9,17,5,17,-0.254725592506743,12.00,5.20,98.00
247,Wikipedia,618622,"Okay - later tonight (I'm a bit busy right now), I'll restore them for... hm. Will three days be long enough for you to copy the information?",18,12,13,12,18,9,12,17,17,14,8,,,16,,,5,19,22,17,16,18,18,11,14,18,16,17,1,17,9,17,14,1,-0.049481212930222,11.60,6.77,141.00
248,Wikipedia,618681,"Also, how does the ""revert all edits"" function work?  Mainly, what do I put in the box for the secondary confirmation?",17,17,14,12,12,13,13,13,15,13,7,,,16,,,14,8,17,13,14,15,16,11,12,13,15,10,1,13,11,21,21,13,0.128908072032486,15.80,4.82,118.00
249,Wikipedia,618793,"I am an administrator on this project and my task is to enforce these rules. Now, will you cooperate or will I have to block you?",3,3,8,4,1,10,10,4,1,10,12,,,13,,,1,2,2,1,14,3,13,5,9,4,6,6,1,1,9,14,6,5,-1.780212350591250,7.00,4.85,129.00
250,Wikipedia,618911,"Thanks.  Aside from rewrites and creations (which I've no mind for), anything in particular you see that I should focus on, or is it going okay?",23,20,14,13,17,14,13,19,19,15,20,,,16,,,12,17,2,17,19,15,20,14,12,22,19,18,1,17,18,19,17,17,0.970407811954645,17.60,0.89,144.00
251,Wikipedia,618990,Reading the guideline again: ''The name of each article (a link to the articles is recommended as well) in which fair use is claimed for the item''. Where does that say I '''need''' a link to the article?,15,8,13,8,,16,11,12,4,8,11,,,12,,,13,3,2,1,9,12,16,7,10,13,16,10,1,19,13,10,5,13,-0.555975157501094,12.00,5.10,204.00
252,Wikipedia,619200,I would specifically appreciate an outside view at the thread 'url'.  What do you feel is the appropriate action?,19,10,12,12,14,10,10,23,20,13,24,,,15,,,25,19,24,16,19,11,16,10,12,22,19,10,1,16,21,21,16,16,0.919504860544765,18.00,2.74,113.00
253,Wikipedia,619638,"Thank you for coming in, reading what is there, and saying what I mean in terms better than what I'm using.  What is the next step - doing an official call for opinions?",23,4,13,13,19,9,14,14,2,13,25,,,21,,,21,19,2,19,16,23,15,11,12,19,22,17,1,21,16,13,16,17,0.418492054657936,16.60,2.88,169.00
254,Wikipedia,619890,I don't see the vandalism. Could you show me where it is?,20,12,12,13,15,16,13,13,13,19,13,,,13,,,15,18,13,15,5,21,17,12,11,16,13,12,1,13,13,17,12,17,0.104518305794231,14.40,2.41,57.00
255,Wikipedia,619977,"Yeah, and it will still have been the third to pass the full bit string tests, instead of just the byte tests. :)   What's the significance of 2042?",20,,14,13,22,9,13,,15,11,22,,,8,,,,16,23,13,20,19,,11,13,16,18,14,1,20,14,13,23,17,0.507742762268973,17.40,4.16,148.00
256,Wikipedia,620208,I thought I'd asked you nicely on 'url' not to make further attempts at getting your point into the article without trying to find consensus. Could you please address my points on the talkpage before having further tries in the article itself?,4,3,12,11,8,9,11,14,5,18,20,10,18,,23,,,19,6,6,22,3,,15,12,18,,,1,15,17,14,15,10,0.003345023751769,14.20,2.59,243.00
257,Wikipedia,620410,"Thank you for that, I was having a problem with diffs and the explanation didn't make sense to me. This is the first I have had to do, what is the procedure?",21,12,13,13,14,8,16,16,21,13,19,22,14,,10,,,13,16,18,16,20,,16,15,18,,,1,16,16,17,9,21,0.575518381848867,15.80,4.32,157.00
258,Wikipedia,620909,"Great Article RaveenS, Do u want me to add this to the template (Sri Lankan Conflict)? I think it should be included in the ''see also'' section what do you suggest?",14,17,13,15,16,16,14,15,22,14,22,22,14,,11,,,18,25,20,20,19,,,14,5,,,1,17,19,16,25,11,1.004494180595180,17.60,5.08,165.00
259,Wikipedia,620951,I don't see any of that in his deletion log.  Would you please find out which one it was as evidence so you're not blindly accusing an admin of deleting something they didn't delete?,5,2,14,7,5,8,11,4,24,19,21,9,20,,4,,,15,10,2,17,20,,10,10,16,,,1,9,18,1,9,5,-1.145264433038410,8.40,6.31,182.00
260,Wikipedia,621082,Why would you doubt that. And for that matter why wouldn't you rewrite it yourself?,4,2,12,7,2,11,12,4,1,5,20,5,20,,6,,,3,14,1,6,11,,15,5,4,,,1,5,2,5,4,8,-1.819553423544270,4.80,2.17,83.00
261,Wikipedia,621091,I had a brief look over the editing history of the article and I could only see three reverts. Perhaps this could be checked?,18,15,14,12,16,8,14,17,14,13,19,5,23,,9,,,6,17,14,13,21,,15,10,18,,,1,15,13,14,17,13,0.069585913412855,14.40,1.67,125.00
262,Wikipedia,621527,I will endeavour to be (cant think of antonyms) non-combative and kind. Will you give me a particular example of what I wrote and what I should have written?,19,15,12,11,14,13,15,12,17,13,20,20,18,,7,,,15,19,8,20,16,,16,13,18,,,1,17,17,17,10,16,0.392348057085893,15.40,3.05,157.00
263,Wikipedia,621579,I have some made some improvements to the articles you references on the above user's talk page. Perhaps next time you would bring your concerns directly to '''me'''?,4,7,13,11,8,10,10,12,6,11,17,9,15,,16,,,25,12,2,9,1,,,14,19,,,1,9,10,14,9,9,-0.863705866167637,10.20,2.17,166.00
264,Wikipedia,621603,"I'm sorry, I don't know what article you are talking about. Can you please provide the exact name?",20,17,12,15,17,8,15,14,14,13,21,12,18,,3,,,20,15,19,16,25,,15,13,21,,,1,17,23,19,17,25,1.170973497965340,20.20,3.63,98.00
265,Wikipedia,621823,Since you already had the filmography listed I cut some films from the intro which you didn't tell much else about. Are you happy with my changes?,18,12,12,12,9,11,14,18,21,16,19,16,18,,6,,,12,9,10,21,1,,11,13,6,,,1,12,17,9,20,21,0.327515948491473,15.80,5.17,146.00
266,Wikipedia,621898,You made three other edits to the 'url' article on 25 November 2007. Can you explain why?,11,12,12,13,14,15,12,13,13,11,19,14,14,,8,,,13,14,13,16,19,,15,14,18,,,1,11,21,25,12,9,-0.012495039743382,15.60,6.99,89.00
267,Wikipedia,622010,"You are correct that the science is not copyright, but the purpose of the cite is 'url'. If I want to check your equation, where should I look?",18,13,13,13,17,10,14,13,15,13,22,11,19,,9,,,19,17,13,11,6,,13,14,21,,,1,17,16,21,15,15,0.627949800881369,16.80,2.49,143.00
268,Wikipedia,623240,"I'm going to have to say that a ""Socionics Institute"" is not going to cut it as a reliable source for notability. Can you come up with a third party?",11,10,12,12,15,9,13,13,18,13,16,11,21,,9,,,14,12,11,14,,,15,13,17,,,1,17,4,25,9,17,0.012751134623849,14.40,8.11,149.00
269,Wikipedia,623354,The deletion review page linked above contains all the instructions for requesting a review. Why did you not read these instructions?,9,7,13,10,4,15,9,11,12,9,21,9,21,,2,,,4,5,4,7,2,,14,12,18,,,1,3,9,5,5,12,-1.407113429759400,6.80,3.63,133.00
270,Wikipedia,624529,"just look out or you'll regret!OK, stop here, go to bed. Have U done ""Tourism Report"" yet?",3,,6,8,2,9,,,1,7,14,1,18,,4,,,5,,1,5,2,,5,6,7,,,1,1,15,5,9,12,-1.145239736704370,8.40,5.55,90.00
271,Wikipedia,624965,Do you feel that you've had success in forming consensus here within your knowledgebase?  What do you feel are the underlying reasons behind your current ban from Wikipedia?,13,3,12,13,13,13,14,13,2,10,,12,20,16,10,13,,12,16,6,17,6,18,15,13,,,12,1,13,22,12,21,16,0.329523565190612,16.80,4.55,173.00
272,Wikipedia,625066,Oosterman is hardly the world's foremost expert on Hyper-Calvinism.  Can you cite any scholars or experts who support your thesis?,2,6,14,12,14,11,12,10,14,9,,12,23,16,12,20,,14,9,18,21,18,14,13,11,,,11,1,17,5,5,18,13,-0.407145504766357,11.60,6.31,130.00
273,Wikipedia,625077,I tried to create a similar map for Canada but couldn't get a usable output from the site you used for the Australia map. Could you create a Canadian one?,23,10,13,13,10,17,13,13,19,15,,16,22,15,19,20,,16,13,18,14,23,15,19,14,,,12,1,21,16,17,20,15,0.807310854755629,17.80,2.59,154.00
274,Wikipedia,625120,"Hey, if you took this picture you can release it into the public domain. If not, do you know who took it?",16,15,14,12,11,7,13,11,14,13,,15,16,15,13,17,,13,25,17,11,15,16,14,9,,,10,1,13,21,13,17,15,0.316287500043306,15.80,3.35,105.00
275,Wikipedia,625156,"Evidently, I don't have enough consciousness, because I haven't the foggiest idea of what you're talking about. Could you tell me?",10,2,5,11,4,8,12,8,13,17,,10,19,14,3,22,,14,18,1,13,14,11,13,14,,,4,1,6,12,12,9,16,-0.999851467868735,11.00,3.74,130.00
276,Wikipedia,625706,"Hi, I made on comment on the image page about this being different than Sbarro3 image.  Please... comment?",16,11,10,,10,8,10,19,16,15,,12,19,15,16,15,,16,18,16,15,13,15,16,14,,,10,1,17,16,16,16,9,0.187951901963860,14.80,3.27,106.00
277,Wikipedia,625793,"There's nothing in your history besides editing my page, so I'm not sure to what you are referring. What page are you talking about?",11,8,11,12,10,9,11,12,17,11,,12,19,12,2,8,,14,17,16,10,11,17,14,11,,,12,1,9,9,10,9,8,-0.947097369195302,9.00,0.71,132.00
278,Wikipedia,625993,"Bingo!  Since you've seen the light, now will you stop trying to craft PR statements?",1,3,11,10,3,5,7,13,3,13,,14,20,18,2,,,15,17,7,13,14,19,13,12,,,10,1,13,11,9,9,5,-1.244392457468520,9.40,2.97,85.00
279,Wikipedia,626078,"Your bot's edits aren't being marked as such; that is, they still appear in my watchlist when I choose to hide bot edits. Could you do something about this?",9,8,12,12,11,12,13,13,18,16,,10,22,19,3,10,,14,17,13,14,19,15,15,14,,,5,1,13,9,15,11,10,-0.421125173202292,11.60,2.41,156.00
280,Wikipedia,626199,Just curious... Where did it come from?  Where did you cut and paste it from?,16,3,9,12,10,7,10,13,12,11,,4,21,18,9,7,,14,25,6,8,2,,10,7,,,9,1,13,13,16,16,16,0.168795955863172,14.80,1.64,77.00
281,Wikipedia,626505,"Perfect, thank you! Can you help with the phonetics of other Nordic languages?",20,16,13,14,16,15,16,16,24,13,,10,22,20,22,19,,16,25,21,19,23,19,19,17,,,18,1,17,17,22,18,20,1.236243119067740,18.80,2.17,78.00
282,Wikipedia,626949,So far there are four editors on 'url' who have called you on your edit-warring. Would you please stop?,7,4,9,6,4,9,12,3,7,11,,5,20,16,9,9,,4,12,3,7,15,11,13,12,,,8,1,17,9,8,25,9,-0.510874015505641,13.60,7.33,103.00
283,Wikipedia,626970,"If it's not clear, I am asking for a '''quote from your source''' which supports the statement which you inserted into the article with your reference. Can you please supply a quote?",1,8,13,12,8,10,13,14,21,15,,13,19,14,20,21,,17,9,15,15,15,16,16,11,,,6,1,12,15,17,16,8,-0.149874467513525,13.60,3.65,182.00
284,Wikipedia,627166,"That sounds fine, but why would you want somebody who knows nothing about the show to write them? If you are informed about it, wouldn't you be a good person to do it?",4,6,12,12,6,19,11,12,16,10,,15,17,18,9,15,,17,11,4,19,17,,18,12,,,3,1,13,11,7,11,9,-1.024207991743210,10.20,2.28,167.00
285,Wikipedia,627410,So the nomination was made by your sock. Could you explain why you choose to use a sock?,15,2,14,12,4,4,12,16,11,13,,9,19,21,13,17,,13,,18,17,20,13,16,13,,,10,1,10,9,13,14,14,-0.329958117141695,12.00,2.35,88.00
286,Wikipedia,627434,I see that you have made an edit to another page since posting the request for IP block exemption. Does that mean the block is  no longer in force?,17,11,12,13,13,6,12,13,16,13,,12,18,,18,12,,,22,14,15,16,16,11,11,17,,,1,13,11,17,8,16,-0.310072262870601,13.00,3.67,147.00
287,Wikipedia,627441,And wasting our time as well. I can only repeat: why don't you do constructive work by adding contents about your beloved Makedonia?,1,2,7,5,1,4,8,7,2,4,,3,17,,16,4,,,1,1,4,20,14,5,4,18,,,1,3,9,1,1,13,-1.556198596761820,5.40,5.37,132.00
288,Wikipedia,627547,"Your first attempt at doing this also added a <nowiki>""'url'""</nowiki> line to the article, and that's what triggered the bot.  Perhaps you should get into the habit of using the 'Show changes button?",9,7,13,13,16,11,10,14,5,11,,10,22,,12,10,,,7,3,16,18,,7,7,12,,,1,10,10,9,5,9,-1.172069812033140,8.60,2.07,200.00
289,Wikipedia,627968,"Hi Steph - this would be a fine article, but its already pretty fleshed out - do you have a specific sub-topic regarding propaganda films that you'd like to write about? Have you found some research about propaganda films that you'd like to synthesize?",24,13,12,13,16,12,13,15,19,13,,18,21,,12,18,,,22,17,20,25,,13,7,9,,,1,20,16,13,17,11,0.594685237242249,15.40,3.51,252.00
290,Wikipedia,628136,"Okay, how about this... Give me five minutes. I'll list all the images you have uploaded, you tell me where they came from, okay?",11,6,13,10,4,10,11,14,13,6,,7,15,,15,13,,,8,3,17,16,11,11,8,15,,,1,11,9,17,19,17,0.056504470770790,14.60,4.34,129.00
291,Wikipedia,628362,Do you really think it is necessary to do that? Could you not simply take my advice on board?,5,6,9,9,4,10,10,4,11,18,,9,21,,11,3,,,1,1,4,11,19,10,11,8,,,1,13,6,9,9,9,-0.909653636324519,9.20,2.49,93.00
292,Wikipedia,628398,Have you as yet cast your own vote for 'url'? Is there anything you can do to address some of the questions?,22,8,14,12,13,8,11,15,13,7,,16,15,,8,15,,,8,16,16,18,,13,6,16,,,1,13,21,14,16,16,0.379384497036944,16.00,3.08,108.00
293,Wikipedia,628721,"Sorry for the slow reply, something I needed to take care of. 'url' is restored- if it is mentioned in such 'url', could you please 'url' them in the article?",23,14,11,12,11,10,14,19,17,19,,18,25,,1,24,,,15,14,19,25,,13,11,10,,,1,19,17,17,19,21,1.070741710694070,18.60,1.67,158.00
294,Wikipedia,628742,"Thank you for telling me. Can you please revert my deletion, for I do not yet know how to do so?",25,11,11,20,23,16,12,17,19,12,,9,19,,15,24,,,19,19,18,25,17,13,11,20,,,1,15,19,17,25,19,1.305236801294890,19.00,3.74,96.00
295,Wikipedia,629553,"No, I said that targetting images merely because of their uploader would be considered wikistalking- I explicitly said I did not want to accuse anyone of anything. Which images do you feel have been tagged incorrectly?",3,7,9,11,14,11,11,4,15,12,,8,20,,13,5,,,3,15,4,7,,11,11,14,,,1,17,13,17,9,13,-0.182824105394222,13.80,3.35,218.00
296,Wikipedia,629728,"I create 'url', and then I would click ""Move"" on the top of the page I want to merge (for example 'url'? Is that how you do it?",21,15,13,13,14,14,14,13,14,13,,9,18,,16,13,,,21,13,13,18,12,10,10,16,,,1,13,13,15,13,17,-0.072206937826227,14.20,1.79,127.00
297,Wikipedia,629786,"And NO Igor, discuss edits with ME please. Are you proposing to discard the mentorship agreement?",1,5,8,7,1,3,6,6,6,13,,4,16,,10,4,,,10,1,15,5,11,,6,6,,,1,13,13,13,13,10,-0.402731087408127,12.40,1.34,97.00
298,Wikipedia,630132,All allegations currently in the article should have sources. Can you indicate which ones do not?,13,14,13,13,16,11,12,13,15,11,,7,12,,13,16,,,12,14,14,20,13,,10,16,,,1,17,13,12,14,10,-0.304533405723912,13.20,2.59,97.00
299,Wikipedia,630525,"Just noticed that the ""time"" field is eliminated from the collapsable boxes. Could you make this something that is displayed when the box is expanded?",16,11,12,13,18,6,15,15,16,18,,16,18,,11,13,,,16,14,18,23,9,,12,10,,,1,16,13,17,17,11,0.279151626766310,14.80,2.68,150.00
300,Wikipedia,630746,"Sorry, I did not know there has been a category before. Can you delete it?",21,14,13,11,14,15,12,15,18,11,,18,16,,10,18,,,22,13,11,24,16,13,11,19,,,1,16,21,19,17,16,1.035613132494890,17.80,2.17,74.00